{"cameraMode":{"drawMode":0,"name":"Shaded","section":"Shading Mode"},"sceneLighting":false,"audioPlay":false,"sceneViewState":{"m_AlwaysRefresh":false,"showFog":true,"showSkybox":false,"showFlares":true,"showImageEffects":true,"showParticleSystems":true,"showVisualEffectGraphs":true,"m_FxEnabled":true},"in2DMode":false,"pivot":{"x":821.502685546875,"y":1.5190081596374512,"z":466.82073974609377},"rotation":{"x":-0.010710260830819607,"y":0.8599820137023926,"z":-0.5102377533912659,"w":-0.017012597993016244},"size":1.241685390472412,"orthographic":false}