{"cameraMode":{"drawMode":0,"name":"Shaded","section":"Shading Mode"},"sceneLighting":false,"audioPlay":false,"sceneViewState":{"m_AlwaysRefresh":false,"showFog":true,"showSkybox":false,"showFlares":true,"showImageEffects":true,"showParticleSystems":true,"showVisualEffectGraphs":true,"m_FxEnabled":true},"in2DMode":false,"pivot":{"x":476.0968322753906,"y":1.2799999713897706,"z":488.5352478027344},"rotation":{"x":0.20013608038425446,"y":-0.46889397501945498,"z":0.10998587310314179,"w":0.8532285094261169},"size":1.5519129037857056,"orthographic":false}