{"cameraMode":{"drawMode":0,"name":"Shaded","section":"Shading Mode"},"sceneLighting":false,"audioPlay":false,"sceneViewState":{"m_AlwaysRefresh":false,"showFog":true,"showSkybox":false,"showFlares":true,"showImageEffects":true,"showParticleSystems":true,"showVisualEffectGraphs":true,"m_FxEnabled":true},"in2DMode":false,"pivot":{"x":3.8389623165130617,"y":1.8018295764923096,"z":3.5816078186035158},"rotation":{"x":0.09426231682300568,"y":-0.4427761435508728,"z":0.04654107987880707,"w":0.8905369639396668},"size":0.03535538911819458,"orthographic":false}